--
-- PostgreSQL database dump
--

-- Dumped from database version 14.9 (Debian 14.9-1.pgdg120+1)
-- Dumped by pg_dump version 14.9 (Debian 14.9-1.pgdg120+1)

SET statement_timeout = 0;
SET lock_timeout = 0;
SET idle_in_transaction_session_timeout = 0;
SET client_encoding = 'UTF8';
SET standard_conforming_strings = on;
SELECT pg_catalog.set_config('search_path', '', false);
SET check_function_bodies = false;
SET xmloption = content;
SET client_min_messages = warning;
SET row_security = off;

--
-- Name: products; Type: TABLE; Schema: public; Owner: postgres
--

CREATE TABLE public.products (
    product_id integer NOT NULL,
    product_type character varying NOT NULL,
    ann character varying NOT NULL,
    origin_region integer DEFAULT ((random() * (4)::double precision) + (1)::double precision)
);


ALTER TABLE public.products OWNER TO postgres;

--
-- Name: regions; Type: TABLE; Schema: public; Owner: postgres
--

CREATE TABLE public.regions (
    region_id integer NOT NULL,
    region_name character varying NOT NULL,
    ann character varying NOT NULL
);


ALTER TABLE public.regions OWNER TO postgres;

--
-- Name: routes; Type: TABLE; Schema: public; Owner: postgres
--

CREATE TABLE public.routes (
    route_id integer NOT NULL,
    region_from integer NOT NULL,
    region_to integer NOT NULL,
    supplier integer NOT NULL,
    product integer NOT NULL,
    ann character varying
);


ALTER TABLE public.routes OWNER TO postgres;

--
-- Name: suppliers; Type: TABLE; Schema: public; Owner: postgres
--

CREATE TABLE public.suppliers (
    supplier_id integer NOT NULL,
    supplier_name character varying NOT NULL,
    ann character varying
);


ALTER TABLE public.suppliers OWNER TO postgres;

--
-- Data for Name: products; Type: TABLE DATA; Schema: public; Owner: postgres
--

COPY public.products (product_id, product_type, ann, origin_region) FROM stdin;
1	ELECTRONICS	p1	1
2	MEDICAL	p2	5
3	APPLIANCES	p3	3
4	ELECTRONICS	p4	2
5	APPLIANCES	p5	3
6	BEAUTY	p6	4
7	BEAUTY	p7	2
8	MEDICAL	p8	3
9	APPLIANCES	p9	1
10	MEDICAL	p10	3
11	BEAUTY	p11	2
12	HOUSEHOLD	p12	4
13	ELECTRONICS	p13	1
14	APPLIANCES	p14	3
15	MEDICAL	p15	2
16	BEAUTY	p16	3
17	ELECTRONICS	p17	2
18	APPLIANCES	p18	4
19	HOUSEHOLD	p19	1
20	MEDICAL	p20	5
21	HOUSEHOLD	p21	2
22	APPLIANCES	p22	3
23	HOUSEHOLD	p23	4
24	ELECTRONICS	p24	4
25	MEDICAL	p25	2
26	APPLIANCES	p26	4
27	HOUSEHOLD	p27	3
28	APPLIANCES	p28	4
29	ELECTRONICS	p29	4
30	ELECTRONICS	p30	5
31	ELECTRONICS	p31	5
32	APPLIANCES	p32	2
33	APPLIANCES	p33	4
34	BEAUTY	p34	2
35	MEDICAL	p35	4
36	HOUSEHOLD	p36	4
37	ELECTRONICS	p37	5
38	ELECTRONICS	p38	1
39	HOUSEHOLD	p39	2
40	ELECTRONICS	p40	5
41	MEDICAL	p41	1
42	HOUSEHOLD	p42	3
43	BEAUTY	p43	5
44	ELECTRONICS	p44	5
45	APPLIANCES	p45	3
46	BEAUTY	p46	2
47	BEAUTY	p47	3
48	HOUSEHOLD	p48	4
49	APPLIANCES	p49	3
\.


--
-- Data for Name: regions; Type: TABLE DATA; Schema: public; Owner: postgres
--

COPY public.regions (region_id, region_name, ann) FROM stdin;
1	AMERICAS	r1
2	EUROPE	r2
3	ASIA	r3
4	AFRICA	r4
5	OCEANIA	r5
\.


--
-- Data for Name: routes; Type: TABLE DATA; Schema: public; Owner: postgres
--

COPY public.routes (route_id, region_from, region_to, supplier, product, ann) FROM stdin;
1	3	2	1	26	x1
2	5	3	2	30	x2
3	3	2	3	38	x3
4	2	2	4	44	x4
5	3	4	5	22	x5
6	3	4	6	11	x6
7	1	2	7	34	x7
8	2	2	8	5	x8
9	5	3	9	29	x9
10	2	1	10	43	x10
11	4	2	11	16	x11
12	5	5	12	24	x12
13	5	2	13	7	x13
14	1	4	14	41	x14
15	1	3	15	17	x15
16	3	4	16	21	x16
17	2	1	17	5	x17
18	1	5	18	9	x18
19	2	5	19	34	x19
20	4	2	20	27	x20
21	2	5	21	24	x21
22	4	3	22	32	x22
23	2	4	23	23	x23
24	1	3	24	28	x24
25	4	1	25	14	x25
26	5	5	26	6	x26
27	1	4	27	31	x27
28	5	5	28	7	x28
29	1	5	29	16	x29
30	3	4	30	6	x30
31	4	2	31	1	x31
32	1	5	32	3	x32
33	1	5	33	40	x33
34	1	4	34	20	x34
35	3	3	35	47	x35
36	2	2	36	9	x36
37	3	4	37	14	x37
38	5	1	38	48	x38
39	5	5	39	8	x39
40	4	5	40	49	x40
41	1	1	41	46	x41
42	1	2	42	3	x42
43	5	2	43	26	x43
44	1	5	44	13	x44
45	1	4	45	1	x45
46	3	5	46	11	x46
47	3	5	47	9	x47
48	4	2	48	25	x48
49	1	2	49	48	x49
50	5	3	50	8	x50
51	5	2	51	3	x51
52	5	1	52	11	x52
53	4	2	53	36	x53
54	1	2	54	24	x54
55	1	5	55	28	x55
56	1	5	56	14	x56
57	4	1	57	46	x57
58	5	1	58	45	x58
59	1	1	59	37	x59
60	2	3	60	28	x60
61	4	5	61	29	x61
62	3	2	62	29	x62
63	2	1	63	24	x63
64	4	2	64	29	x64
65	4	3	65	26	x65
66	4	1	66	33	x66
67	1	5	67	45	x67
68	4	1	68	3	x68
69	2	2	69	43	x69
70	2	3	70	31	x70
71	4	1	71	39	x71
72	1	1	72	38	x72
73	1	5	73	46	x73
74	2	1	74	9	x74
75	3	3	75	31	x75
76	3	4	76	27	x76
77	5	5	77	14	x77
78	1	5	78	36	x78
79	5	1	79	3	x79
80	4	3	80	13	x80
81	2	5	81	7	x81
82	4	2	82	28	x82
83	1	1	83	17	x83
84	3	5	84	42	x84
85	4	4	85	37	x85
86	1	3	86	30	x86
87	1	1	87	49	x87
88	1	1	88	35	x88
89	5	2	89	5	x89
90	2	4	90	30	x90
91	1	2	91	8	x91
92	4	5	92	28	x92
93	2	3	93	25	x93
94	4	2	94	41	x94
95	5	4	95	43	x95
96	5	5	96	14	x96
97	3	1	97	7	x97
98	3	3	98	33	x98
99	3	2	99	48	x99
100	3	3	1	29	x100
101	5	5	2	28	x101
102	2	4	3	2	x102
103	4	1	4	11	x103
104	5	5	5	45	x104
105	4	4	6	36	x105
106	2	5	7	9	x106
107	4	1	8	17	x107
108	4	5	9	30	x108
109	2	4	10	29	x109
110	2	1	11	38	x110
111	1	5	12	33	x111
112	4	5	13	2	x112
113	1	2	14	2	x113
114	2	5	15	7	x114
115	2	3	16	7	x115
116	2	5	17	20	x116
117	2	4	18	26	x117
118	4	4	19	30	x118
119	1	2	20	14	x119
120	3	1	21	8	x120
121	1	4	22	47	x121
122	2	2	23	39	x122
123	3	4	24	43	x123
124	5	5	25	22	x124
125	5	4	26	46	x125
126	3	1	27	3	x126
127	3	5	28	45	x127
128	3	3	29	43	x128
129	1	3	30	31	x129
130	2	3	31	33	x130
131	1	5	32	7	x131
132	1	5	33	22	x132
133	2	2	34	41	x133
134	5	3	35	45	x134
135	2	2	36	13	x135
136	1	2	37	22	x136
137	2	1	38	9	x137
138	3	4	39	22	x138
139	1	1	40	6	x139
140	1	2	41	28	x140
141	1	3	42	40	x141
142	5	2	43	19	x142
143	5	4	44	35	x143
144	1	3	45	23	x144
145	5	5	46	13	x145
146	3	5	47	16	x146
147	4	4	48	37	x147
148	1	1	49	39	x148
149	3	2	50	28	x149
150	2	3	51	35	x150
151	2	1	52	41	x151
152	4	3	53	20	x152
153	4	5	54	5	x153
154	2	3	55	34	x154
155	5	5	56	29	x155
156	4	4	57	10	x156
157	2	5	58	36	x157
158	3	5	59	2	x158
159	3	3	60	34	x159
160	4	5	61	24	x160
161	1	2	62	5	x161
162	3	3	63	13	x162
163	3	5	64	15	x163
164	3	1	65	7	x164
165	5	5	66	9	x165
166	3	4	67	31	x166
167	4	4	68	38	x167
168	1	2	69	5	x168
169	5	3	70	28	x169
170	1	2	71	37	x170
171	4	5	72	12	x171
172	4	5	73	25	x172
173	5	1	74	11	x173
174	5	3	75	2	x174
175	2	5	76	13	x175
176	3	1	77	13	x176
177	5	1	78	20	x177
178	2	4	79	35	x178
179	1	1	80	12	x179
180	4	3	81	47	x180
181	1	4	82	32	x181
182	2	3	83	44	x182
183	3	3	84	48	x183
184	2	4	85	18	x184
185	4	4	86	28	x185
186	4	4	87	11	x186
187	3	3	88	27	x187
188	2	2	89	4	x188
189	1	3	90	22	x189
190	3	1	91	38	x190
191	4	2	92	33	x191
192	2	2	93	18	x192
193	2	4	94	16	x193
194	1	3	95	24	x194
195	5	4	96	37	x195
196	2	4	97	41	x196
197	1	1	98	25	x197
198	1	1	99	25	x198
199	2	5	2	26	x199
200	2	5	3	26	x200
201	3	2	4	8	x201
202	4	5	5	22	x202
203	3	1	6	40	x203
204	1	5	7	47	x204
205	3	3	8	32	x205
206	1	4	9	33	x206
207	1	5	10	19	x207
208	3	1	11	13	x208
209	2	1	12	38	x209
210	4	3	13	36	x210
211	3	4	14	40	x211
212	1	3	15	37	x212
213	5	5	16	16	x213
214	3	4	17	27	x214
215	5	5	18	20	x215
216	3	5	19	4	x216
217	5	3	20	20	x217
218	1	3	21	41	x218
219	5	2	22	33	x219
220	1	1	23	36	x220
221	3	2	24	41	x221
222	1	2	25	43	x222
223	2	1	26	35	x223
224	3	1	27	18	x224
225	4	3	28	13	x225
226	3	5	29	49	x226
227	4	2	30	43	x227
228	1	4	31	25	x228
229	1	5	32	32	x229
230	4	1	33	41	x230
231	5	3	34	15	x231
232	2	5	35	1	x232
233	3	3	36	21	x233
234	3	1	37	13	x234
235	4	1	38	27	x235
236	4	3	39	36	x236
237	5	1	40	37	x237
238	5	3	41	15	x238
239	3	3	42	40	x239
240	3	1	43	19	x240
241	5	5	44	10	x241
242	1	5	45	12	x242
243	4	3	46	22	x243
244	4	2	47	48	x244
245	5	5	48	15	x245
246	4	2	49	35	x246
247	5	2	50	1	x247
248	5	3	51	16	x248
249	3	1	52	9	x249
250	4	2	53	4	x250
251	3	4	54	28	x251
252	3	4	55	45	x252
253	2	3	56	29	x253
254	1	3	57	18	x254
255	5	5	58	31	x255
256	3	2	59	39	x256
257	5	1	60	5	x257
258	4	5	61	35	x258
259	3	2	62	11	x259
260	4	2	63	5	x260
261	2	5	64	19	x261
262	3	2	65	35	x262
263	2	5	66	49	x263
264	1	3	67	18	x264
265	4	3	68	38	x265
266	1	3	69	17	x266
267	2	3	70	18	x267
268	1	5	71	13	x268
269	5	4	72	37	x269
270	1	2	73	3	x270
271	1	4	74	23	x271
272	1	2	75	8	x272
273	1	2	76	4	x273
274	2	1	77	7	x274
275	5	2	78	23	x275
276	5	5	79	45	x276
277	1	1	80	47	x277
278	1	1	81	2	x278
279	3	3	82	31	x279
280	5	3	83	10	x280
281	4	2	84	4	x281
282	3	5	85	30	x282
283	5	5	86	34	x283
284	5	2	87	5	x284
285	1	4	88	41	x285
286	5	5	89	44	x286
287	5	4	90	8	x287
288	1	2	91	42	x288
289	3	2	92	32	x289
290	5	1	93	36	x290
291	2	2	94	21	x291
292	2	4	95	17	x292
293	4	2	96	9	x293
294	1	4	97	19	x294
295	2	5	98	8	x295
296	3	1	99	17	x296
297	1	1	1	49	x297
298	5	4	2	8	x298
299	5	1	3	41	x299
300	3	3	4	4	x300
301	4	2	5	29	x301
302	5	4	6	17	x302
303	5	4	7	3	x303
304	1	5	8	25	x304
305	2	2	9	46	x305
306	2	2	10	28	x306
307	5	4	11	39	x307
308	4	1	12	23	x308
309	2	1	13	5	x309
310	2	5	14	3	x310
311	1	3	15	19	x311
312	5	1	16	26	x312
313	3	4	17	8	x313
314	1	3	18	30	x314
315	5	1	19	13	x315
316	4	2	20	21	x316
317	5	3	21	16	x317
318	2	1	22	34	x318
319	4	4	23	34	x319
320	3	3	24	6	x320
321	5	2	25	33	x321
322	4	5	26	10	x322
323	3	1	27	46	x323
324	3	3	28	49	x324
325	3	3	29	29	x325
326	4	4	30	13	x326
327	1	2	31	29	x327
328	5	4	32	46	x328
329	4	1	33	9	x329
330	4	3	34	18	x330
331	2	2	35	38	x331
332	3	5	36	46	x332
333	5	2	37	48	x333
334	4	5	38	41	x334
335	2	2	39	34	x335
336	5	4	40	16	x336
337	3	2	41	43	x337
338	2	4	42	2	x338
339	2	1	43	39	x339
340	5	4	44	33	x340
341	4	4	45	49	x341
342	2	2	46	1	x342
343	3	3	47	15	x343
344	1	3	48	42	x344
345	4	4	49	25	x345
346	2	2	50	14	x346
347	5	2	51	20	x347
348	5	1	52	21	x348
349	4	2	53	45	x349
350	1	5	54	25	x350
351	1	1	55	35	x351
352	1	2	56	35	x352
353	4	5	57	41	x353
354	5	4	58	4	x354
355	3	1	59	47	x355
356	1	1	60	12	x356
357	4	3	61	32	x357
358	5	2	62	15	x358
359	2	1	63	4	x359
360	2	4	64	18	x360
361	4	3	65	33	x361
362	4	1	66	32	x362
363	4	2	67	48	x363
364	3	3	68	40	x364
365	5	5	69	26	x365
366	2	3	70	49	x366
367	3	1	71	39	x367
368	5	2	72	31	x368
369	3	1	73	38	x369
370	3	2	74	33	x370
371	4	5	75	4	x371
372	3	1	76	21	x372
373	4	3	77	39	x373
374	2	2	78	47	x374
375	3	1	79	45	x375
376	2	5	80	45	x376
377	1	3	81	21	x377
378	5	5	82	13	x378
379	3	1	83	40	x379
380	2	1	84	48	x380
381	3	2	85	4	x381
382	2	3	86	29	x382
383	1	3	87	36	x383
384	2	2	88	12	x384
385	3	1	89	31	x385
386	4	2	90	40	x386
387	3	5	91	46	x387
388	3	5	92	23	x388
389	4	2	93	31	x389
390	3	4	94	8	x390
391	5	4	95	39	x391
392	4	3	96	34	x392
393	2	4	97	7	x393
394	5	1	98	23	x394
395	4	3	99	21	x395
396	5	2	1	16	x396
397	1	3	2	31	x397
398	2	1	3	4	x398
399	3	2	4	18	x399
400	1	2	5	24	x400
401	4	1	6	8	x401
402	5	3	7	49	x402
403	3	5	8	8	x403
404	1	2	9	48	x404
405	1	3	10	14	x405
406	3	5	11	34	x406
407	5	3	12	44	x407
408	4	5	13	8	x408
409	1	3	14	12	x409
410	3	3	15	41	x410
411	1	3	16	28	x411
412	5	4	17	32	x412
413	1	3	18	3	x413
414	4	2	19	43	x414
415	3	3	20	27	x415
416	3	5	21	2	x416
417	3	1	22	49	x417
418	4	1	23	24	x418
419	1	1	24	33	x419
420	2	2	25	2	x420
421	1	1	26	14	x421
422	1	2	27	27	x422
423	3	3	28	11	x423
424	5	2	29	21	x424
425	3	3	30	3	x425
426	4	4	31	39	x426
427	4	1	32	7	x427
428	5	3	33	4	x428
429	4	5	34	32	x429
430	4	4	35	21	x430
431	5	2	36	15	x431
432	4	3	37	13	x432
433	3	5	38	14	x433
434	1	5	39	12	x434
435	2	2	40	4	x435
436	2	1	41	30	x436
437	5	4	42	11	x437
438	4	3	43	49	x438
439	2	2	44	13	x439
440	1	5	45	22	x440
441	5	5	46	41	x441
442	1	2	47	7	x442
443	1	4	48	22	x443
444	1	2	49	19	x444
445	2	2	50	4	x445
446	1	4	51	44	x446
447	4	3	52	22	x447
448	3	5	53	48	x448
449	2	4	54	35	x449
450	4	5	55	28	x450
451	2	1	56	25	x451
452	5	3	57	25	x452
453	2	3	58	25	x453
454	5	1	59	11	x454
455	3	3	60	22	x455
456	2	4	61	22	x456
457	5	3	62	15	x457
458	2	4	63	44	x458
459	5	2	64	30	x459
460	5	1	65	11	x460
461	4	4	66	49	x461
462	3	2	67	5	x462
463	5	5	68	12	x463
464	5	1	69	10	x464
465	3	1	70	2	x465
466	3	5	71	1	x466
467	4	1	72	5	x467
468	1	4	73	7	x468
469	2	5	74	23	x469
470	5	3	75	6	x470
471	2	5	76	4	x471
472	2	4	77	19	x472
473	1	3	78	39	x473
474	2	3	79	25	x474
475	3	4	80	3	x475
476	1	2	81	10	x476
477	1	3	82	2	x477
478	1	5	83	44	x478
479	5	2	84	3	x479
480	3	4	85	35	x480
481	2	2	86	8	x481
482	3	3	87	40	x482
483	1	2	88	2	x483
484	1	2	89	13	x484
485	1	1	90	21	x485
486	1	3	91	49	x486
487	1	5	92	33	x487
488	1	5	93	29	x488
489	1	3	94	4	x489
490	3	5	95	2	x490
491	2	5	96	43	x491
492	5	5	97	44	x492
493	5	3	98	27	x493
494	4	3	99	49	x494
495	1	3	1	34	x495
496	5	4	2	40	x496
497	4	4	3	35	x497
498	4	4	4	3	x498
499	5	3	5	34	x499
500	5	4	6	36	x500
501	5	4	7	18	x501
502	4	5	8	11	x502
503	3	5	9	26	x503
504	4	4	10	17	x504
505	5	5	11	44	x505
506	5	2	12	1	x506
507	4	3	13	46	x507
508	5	1	14	10	x508
509	3	3	15	19	x509
510	2	4	16	4	x510
511	2	3	17	40	x511
512	5	4	18	17	x512
513	5	3	19	16	x513
514	4	5	20	49	x514
515	2	3	21	35	x515
516	4	1	22	18	x516
517	3	1	23	33	x517
518	3	3	24	13	x518
519	2	3	25	47	x519
520	4	5	26	33	x520
521	5	5	27	39	x521
522	2	1	28	16	x522
523	2	1	29	9	x523
524	3	4	30	41	x524
525	1	2	31	14	x525
526	1	1	32	21	x526
527	2	5	33	41	x527
528	4	4	34	7	x528
529	3	3	35	49	x529
530	2	2	36	26	x530
531	1	3	37	21	x531
532	5	3	38	10	x532
533	3	5	39	10	x533
534	3	2	40	13	x534
535	4	2	41	13	x535
536	1	1	42	13	x536
537	1	2	43	8	x537
538	5	2	44	37	x538
539	1	1	45	41	x539
540	4	1	46	37	x540
541	3	5	47	28	x541
542	4	4	48	15	x542
543	5	5	49	8	x543
544	1	2	50	19	x544
545	2	3	51	37	x545
546	2	2	52	23	x546
547	2	5	53	40	x547
548	3	5	54	14	x548
549	5	5	55	4	x549
550	4	2	56	25	x550
551	5	2	57	39	x551
552	5	5	58	1	x552
553	4	3	59	46	x553
554	2	3	60	48	x554
555	3	2	61	16	x555
556	4	3	62	46	x556
557	3	2	63	47	x557
558	5	4	64	11	x558
559	3	4	65	26	x559
560	2	1	66	9	x560
561	4	5	67	10	x561
562	4	4	68	26	x562
563	2	5	69	36	x563
564	5	2	70	4	x564
565	2	4	71	5	x565
566	3	4	72	26	x566
567	5	4	73	35	x567
568	4	5	74	16	x568
569	3	4	75	47	x569
570	1	2	76	10	x570
571	5	1	77	32	x571
572	3	5	78	39	x572
573	3	3	79	11	x573
574	4	1	80	47	x574
575	4	3	81	21	x575
576	3	3	82	44	x576
577	3	3	83	17	x577
578	3	3	84	19	x578
579	5	4	85	31	x579
580	5	4	86	25	x580
581	4	2	87	42	x581
582	4	2	88	29	x582
583	3	1	89	17	x583
584	5	4	90	15	x584
585	2	1	91	45	x585
586	2	5	92	48	x586
587	5	1	93	48	x587
588	4	4	94	10	x588
589	4	5	95	42	x589
590	4	2	96	42	x590
591	1	5	97	32	x591
592	5	2	98	17	x592
593	4	5	99	21	x593
594	5	5	1	45	x594
595	1	1	2	15	x595
596	1	5	3	32	x596
597	3	3	4	20	x597
\.


--
-- Data for Name: suppliers; Type: TABLE DATA; Schema: public; Owner: postgres
--

COPY public.suppliers (supplier_id, supplier_name, ann) FROM stdin;
1	SUPPLIER_1	s1
2	SUPPLIER_2	s2
3	SUPPLIER_3	s3
4	SUPPLIER_4	s4
5	SUPPLIER_5	s5
6	SUPPLIER_6	s6
7	SUPPLIER_7	s7
8	SUPPLIER_8	s8
9	SUPPLIER_9	s9
10	SUPPLIER_10	s10
11	SUPPLIER_11	s11
12	SUPPLIER_12	s12
13	SUPPLIER_13	s13
14	SUPPLIER_14	s14
15	SUPPLIER_15	s15
16	SUPPLIER_16	s16
17	SUPPLIER_17	s17
18	SUPPLIER_18	s18
19	SUPPLIER_19	s19
20	SUPPLIER_20	s20
21	SUPPLIER_21	s21
22	SUPPLIER_22	s22
23	SUPPLIER_23	s23
24	SUPPLIER_24	s24
25	SUPPLIER_25	s25
26	SUPPLIER_26	s26
27	SUPPLIER_27	s27
28	SUPPLIER_28	s28
29	SUPPLIER_29	s29
30	SUPPLIER_30	s30
31	SUPPLIER_31	s31
32	SUPPLIER_32	s32
33	SUPPLIER_33	s33
34	SUPPLIER_34	s34
35	SUPPLIER_35	s35
36	SUPPLIER_36	s36
37	SUPPLIER_37	s37
38	SUPPLIER_38	s38
39	SUPPLIER_39	s39
40	SUPPLIER_40	s40
41	SUPPLIER_41	s41
42	SUPPLIER_42	s42
43	SUPPLIER_43	s43
44	SUPPLIER_44	s44
45	SUPPLIER_45	s45
46	SUPPLIER_46	s46
47	SUPPLIER_47	s47
48	SUPPLIER_48	s48
49	SUPPLIER_49	s49
50	SUPPLIER_50	s50
51	SUPPLIER_51	s51
52	SUPPLIER_52	s52
53	SUPPLIER_53	s53
54	SUPPLIER_54	s54
55	SUPPLIER_55	s55
56	SUPPLIER_56	s56
57	SUPPLIER_57	s57
58	SUPPLIER_58	s58
59	SUPPLIER_59	s59
60	SUPPLIER_60	s60
61	SUPPLIER_61	s61
62	SUPPLIER_62	s62
63	SUPPLIER_63	s63
64	SUPPLIER_64	s64
65	SUPPLIER_65	s65
66	SUPPLIER_66	s66
67	SUPPLIER_67	s67
68	SUPPLIER_68	s68
69	SUPPLIER_69	s69
70	SUPPLIER_70	s70
71	SUPPLIER_71	s71
72	SUPPLIER_72	s72
73	SUPPLIER_73	s73
74	SUPPLIER_74	s74
75	SUPPLIER_75	s75
76	SUPPLIER_76	s76
77	SUPPLIER_77	s77
78	SUPPLIER_78	s78
79	SUPPLIER_79	s79
80	SUPPLIER_80	s80
81	SUPPLIER_81	s81
82	SUPPLIER_82	s82
83	SUPPLIER_83	s83
84	SUPPLIER_84	s84
85	SUPPLIER_85	s85
86	SUPPLIER_86	s86
87	SUPPLIER_87	s87
88	SUPPLIER_88	s88
89	SUPPLIER_89	s89
90	SUPPLIER_90	s90
91	SUPPLIER_91	s91
92	SUPPLIER_92	s92
93	SUPPLIER_93	s93
94	SUPPLIER_94	s94
95	SUPPLIER_95	s95
96	SUPPLIER_96	s96
97	SUPPLIER_97	s97
98	SUPPLIER_98	s98
99	SUPPLIER_99	s99
\.


--
-- Name: products products_pkey; Type: CONSTRAINT; Schema: public; Owner: postgres
--

ALTER TABLE ONLY public.products
    ADD CONSTRAINT products_pkey PRIMARY KEY (product_id);


--
-- Name: regions regions_pkey; Type: CONSTRAINT; Schema: public; Owner: postgres
--

ALTER TABLE ONLY public.regions
    ADD CONSTRAINT regions_pkey PRIMARY KEY (region_id);


--
-- Name: routes routes_pk; Type: CONSTRAINT; Schema: public; Owner: postgres
--

ALTER TABLE ONLY public.routes
    ADD CONSTRAINT routes_pk PRIMARY KEY (route_id);


--
-- Name: suppliers suppliers_pk; Type: CONSTRAINT; Schema: public; Owner: postgres
--

ALTER TABLE ONLY public.suppliers
    ADD CONSTRAINT suppliers_pk PRIMARY KEY (supplier_id);


--
-- Name: products products_regions_region_id_fk; Type: FK CONSTRAINT; Schema: public; Owner: postgres
--

ALTER TABLE ONLY public.products
    ADD CONSTRAINT products_regions_region_id_fk FOREIGN KEY (origin_region) REFERENCES public.regions(region_id);


--
-- Name: routes routes_products_product_id_fk; Type: FK CONSTRAINT; Schema: public; Owner: postgres
--

ALTER TABLE ONLY public.routes
    ADD CONSTRAINT routes_products_product_id_fk FOREIGN KEY (product) REFERENCES public.products(product_id);


--
-- Name: routes routes_regions_region_id_fk; Type: FK CONSTRAINT; Schema: public; Owner: postgres
--

ALTER TABLE ONLY public.routes
    ADD CONSTRAINT routes_regions_region_id_fk FOREIGN KEY (region_from) REFERENCES public.regions(region_id);


--
-- Name: routes routes_regions_region_id_fk2; Type: FK CONSTRAINT; Schema: public; Owner: postgres
--

ALTER TABLE ONLY public.routes
    ADD CONSTRAINT routes_regions_region_id_fk2 FOREIGN KEY (region_to) REFERENCES public.regions(region_id);


--
-- Name: routes routes_suppliers_supplier_id_fk; Type: FK CONSTRAINT; Schema: public; Owner: postgres
--

ALTER TABLE ONLY public.routes
    ADD CONSTRAINT routes_suppliers_supplier_id_fk FOREIGN KEY (supplier) REFERENCES public.suppliers(supplier_id);


--
-- PostgreSQL database dump complete
--

